source,compiler,flags
rshash.c,gcc,-O0
rshash.c,gcc,-O1
rshash.c,gcc,-O3
rshash.c,gcc,-Os
rshash.c,gcc,-Ofast
rshash.c,gcc,-march=native
rshash.c,clang,-O0
rshash.c,clang,-O1
rshash.c,clang,-O3
rshash.c,clang,-Os
rshash.c,clang,-Oz
rshash.c,clang,-Og
rshash.c,icc,-O0
rshash.c,icc,-O1
rshash.c,icc,-O2
rshash.c,icc,-O3
rshash.c,icc,-march=skylake
jshash.c,gcc,-O0
jshash.c,gcc,-O1
jshash.c,gcc,-O3
jshash.c,gcc,-Os
jshash.c,gcc,-Ofast
jshash.c,gcc,-march=native
jshash.c,clang,-O0
jshash.c,clang,-O1
jshash.c,clang,-O3
jshash.c,clang,-Os
jshash.c,clang,-Oz
jshash.c,clang,-Og
jshash.c,icc,-O0
jshash.c,icc,-O1
jshash.c,icc,-O2
jshash.c,icc,-O3
jshash.c,icc,-march=skylake
pjwhash.c,gcc,-O0
pjwhash.c,gcc,-O1
pjwhash.c,gcc,-O3
pjwhash.c,gcc,-Os
pjwhash.c,gcc,-Ofast
pjwhash.c,gcc,-march=native
pjwhash.c,clang,-O0
pjwhash.c,clang,-O1
pjwhash.c,clang,-O3
pjwhash.c,clang,-Os
pjwhash.c,clang,-Oz
pjwhash.c,clang,-Og
pjwhash.c,icc,-O0
pjwhash.c,icc,-O1
pjwhash.c,icc,-O2
pjwhash.c,icc,-O3
pjwhash.c,icc,-march=skylake
elfhash.c,gcc,-O0
elfhash.c,gcc,-O1
elfhash.c,gcc,-O3
elfhash.c,gcc,-Os
elfhash.c,gcc,-Ofast
elfhash.c,gcc,-march=native
elfhash.c,clang,-O0
elfhash.c,clang,-O1
elfhash.c,clang,-O3
elfhash.c,clang,-Os
elfhash.c,clang,-Oz
elfhash.c,clang,-Og
elfhash.c,icc,-O0
elfhash.c,icc,-O1
elfhash.c,icc,-O2
elfhash.c,icc,-O3
elfhash.c,icc,-march=skylake
